SCAN,ADDRESS,TIMESTAMP,UUID,MAJOR,MINOR,TX POWER,RSSI
0,DC:A6:32:33:AA:02,2020-07-10 18:41:42.067273,a7f8c730-c317-11ea-87c7-dca63233aa01,1,1,1,-65
1,DC:A6:32:33:AA:02,2020-07-10 18:41:44.071729,a7f8c730-c317-11ea-87c7-dca63233aa01,1,1,1,-66
2,DC:A6:32:33:AA:02,2020-07-10 18:41:45.079755,a7f8c730-c317-11ea-87c7-dca63233aa01,1,1,1,-65
3,DC:A6:32:33:AA:02,2020-07-10 18:41:47.085485,a7f8c730-c317-11ea-87c7-dca63233aa01,1,1,1,-68
4,DC:A6:32:33:AA:02,2020-07-10 18:41:48.257987,a7f8c730-c317-11ea-87c7-dca63233aa01,1,1,1,-63
5,DC:A6:32:33:AA:02,2020-07-10 18:41:49.278500,a7f8c730-c317-11ea-87c7-dca63233aa01,1,1,1,-65
6,DC:A6:32:33:AA:02,2020-07-10 18:41:50.015410,a7f8c730-c317-11ea-87c7-dca63233aa01,1,1,1,-67
7,DC:A6:32:33:AA:02,2020-07-10 18:41:51.160755,a7f8c730-c317-11ea-87c7-dca63233aa01,1,1,1,-63
8,DC:A6:32:33:AA:02,2020-07-10 18:41:52.133027,a7f8c730-c317-11ea-87c7-dca63233aa01,1,1,1,-66
9,DC:A6:32:33:AA:02,2020-07-10 18:41:53.070472,a7f8c730-c317-11ea-87c7-dca63233aa01,1,1,1,-64
10,DC:A6:32:33:AA:02,2020-07-10 18:41:55.075490,a7f8c730-c317-11ea-87c7-dca63233aa01,1,1,1,-64
11,DC:A6:32:33:AA:02,2020-07-10 18:41:56.533092,a7f8c730-c317-11ea-87c7-dca63233aa01,1,1,1,-64
12,DC:A6:32:33:AA:02,2020-07-10 18:41:57.216770,a7f8c730-c317-11ea-87c7-dca63233aa01,1,1,1,-63
13,DC:A6:32:33:AA:02,2020-07-10 18:41:58.025537,a7f8c730-c317-11ea-87c7-dca63233aa01,1,1,1,-63
14,DC:A6:32:33:AA:02,2020-07-10 18:41:59.090579,a7f8c730-c317-11ea-87c7-dca63233aa01,1,1,1,-68
15,DC:A6:32:33:AA:02,2020-07-10 18:42:01.095609,a7f8c730-c317-11ea-87c7-dca63233aa01,1,1,1,-63
16,DC:A6:32:33:AA:02,2020-07-10 18:42:03.100748,a7f8c730-c317-11ea-87c7-dca63233aa01,1,1,1,-69
17,DC:A6:32:33:AA:02,2020-07-10 18:42:04.016946,a7f8c730-c317-11ea-87c7-dca63233aa01,1,1,1,-67
18,DC:A6:32:33:AA:02,2020-07-10 18:42:06.022049,a7f8c730-c317-11ea-87c7-dca63233aa01,1,1,1,-64
19,DC:A6:32:33:AA:02,2020-07-10 18:42:08.027121,a7f8c730-c317-11ea-87c7-dca63233aa01,1,1,1,-66
20,DC:A6:32:33:AA:02,2020-07-10 18:42:09.034525,a7f8c730-c317-11ea-87c7-dca63233aa01,1,1,1,-64
21,DC:A6:32:33:AA:02,2020-07-10 18:42:10.020879,a7f8c730-c317-11ea-87c7-dca63233aa01,1,1,1,-64
22,DC:A6:32:33:AA:02,2020-07-10 18:42:11.485828,a7f8c730-c317-11ea-87c7-dca63233aa01,1,1,1,-64
23,DC:A6:32:33:AA:02,2020-07-10 18:42:12.068338,a7f8c730-c317-11ea-87c7-dca63233aa01,1,1,1,-65
24,DC:A6:32:33:AA:02,2020-07-10 18:42:13.058425,a7f8c730-c317-11ea-87c7-dca63233aa01,1,1,1,-64
25,DC:A6:32:33:AA:02,2020-07-10 18:42:14.040955,a7f8c730-c317-11ea-87c7-dca63233aa01,1,1,1,-64
26,DC:A6:32:33:AA:02,2020-07-10 18:42:15.126038,a7f8c730-c317-11ea-87c7-dca63233aa01,1,1,1,-64
27,DC:A6:32:33:AA:02,2020-07-10 18:42:17.129883,a7f8c730-c317-11ea-87c7-dca63233aa01,1,1,1,-66
28,DC:A6:32:33:AA:02,2020-07-10 18:42:18.414864,a7f8c730-c317-11ea-87c7-dca63233aa01,1,1,1,-64
29,DC:A6:32:33:AA:02,2020-07-10 18:42:19.331120,a7f8c730-c317-11ea-87c7-dca63233aa01,1,1,1,-64
30,DC:A6:32:33:AA:02,2020-07-10 18:42:20.008672,a7f8c730-c317-11ea-87c7-dca63233aa01,1,1,1,-65
31,DC:A6:32:33:AA:02,2020-07-10 18:42:22.013002,a7f8c730-c317-11ea-87c7-dca63233aa01,1,1,1,-68
32,DC:A6:32:33:AA:02,2020-07-10 18:42:23.383045,a7f8c730-c317-11ea-87c7-dca63233aa01,1,1,1,-68
33,DC:A6:32:33:AA:02,2020-07-10 18:42:24.158649,a7f8c730-c317-11ea-87c7-dca63233aa01,1,1,1,-68
34,DC:A6:32:33:AA:02,2020-07-10 18:42:25.024971,a7f8c730-c317-11ea-87c7-dca63233aa01,1,1,1,-66
35,DC:A6:32:33:AA:02,2020-07-10 18:42:26.423628,a7f8c730-c317-11ea-87c7-dca63233aa01,1,1,1,-66
36,DC:A6:32:33:AA:02,2020-07-10 18:42:28.428763,a7f8c730-c317-11ea-87c7-dca63233aa01,1,1,1,-68
37,DC:A6:32:33:AA:02,2020-07-10 18:42:29.051209,a7f8c730-c317-11ea-87c7-dca63233aa01,1,1,1,-65
38,DC:A6:32:33:AA:02,2020-07-10 18:42:31.056313,a7f8c730-c317-11ea-87c7-dca63233aa01,1,1,1,-67
39,DC:A6:32:33:AA:02,2020-07-10 18:42:32.147548,a7f8c730-c317-11ea-87c7-dca63233aa01,1,1,1,-64
40,DC:A6:32:33:AA:02,2020-07-10 18:42:33.700083,a7f8c730-c317-11ea-87c7-dca63233aa01,1,1,1,-63
41,DC:A6:32:33:AA:02,2020-07-10 18:42:34.196326,a7f8c730-c317-11ea-87c7-dca63233aa01,1,1,1,-64
42,DC:A6:32:33:AA:02,2020-07-10 18:42:35.247559,a7f8c730-c317-11ea-87c7-dca63233aa01,1,1,1,-68
43,DC:A6:32:33:AA:02,2020-07-10 18:42:37.252638,a7f8c730-c317-11ea-87c7-dca63233aa01,1,1,1,-64
44,DC:A6:32:33:AA:02,2020-07-10 18:42:38.858844,a7f8c730-c317-11ea-87c7-dca63233aa01,1,1,1,-67
45,DC:A6:32:33:AA:02,2020-07-10 18:42:39.020121,a7f8c730-c317-11ea-87c7-dca63233aa01,1,1,1,-67
46,DC:A6:32:33:AA:02,2020-07-10 18:42:41.025323,a7f8c730-c317-11ea-87c7-dca63233aa01,1,1,1,-64
47,DC:A6:32:33:AA:02,2020-07-10 18:42:42.199561,a7f8c730-c317-11ea-87c7-dca63233aa01,1,1,1,-64
48,DC:A6:32:33:AA:02,2020-07-10 18:42:43.277750,a7f8c730-c317-11ea-87c7-dca63233aa01,1,1,1,-65
49,DC:A6:32:33:AA:02,2020-07-10 18:42:44.702073,a7f8c730-c317-11ea-87c7-dca63233aa01,1,1,1,-63
50,DC:A6:32:33:AA:02,2020-07-10 18:42:45.020926,a7f8c730-c317-11ea-87c7-dca63233aa01,1,1,1,-64
51,DC:A6:32:33:AA:02,2020-07-10 18:42:46.827953,a7f8c730-c317-11ea-87c7-dca63233aa01,1,1,1,-64
52,DC:A6:32:33:AA:02,2020-07-10 18:42:47.077775,a7f8c730-c317-11ea-87c7-dca63233aa01,1,1,1,-64
53,DC:A6:32:33:AA:02,2020-07-10 18:42:48.217878,a7f8c730-c317-11ea-87c7-dca63233aa01,1,1,1,-64
54,DC:A6:32:33:AA:02,2020-07-10 18:42:50.222951,a7f8c730-c317-11ea-87c7-dca63233aa01,1,1,1,-68
55,DC:A6:32:33:AA:02,2020-07-10 18:42:51.265431,a7f8c730-c317-11ea-87c7-dca63233aa01,1,1,1,-64
56,DC:A6:32:33:AA:02,2020-07-10 18:42:52.039184,a7f8c730-c317-11ea-87c7-dca63233aa01,1,1,1,-66
57,DC:A6:32:33:AA:02,2020-07-10 18:42:53.212973,a7f8c730-c317-11ea-87c7-dca63233aa01,1,1,1,-66
58,DC:A6:32:33:AA:02,2020-07-10 18:42:54.265410,a7f8c730-c317-11ea-87c7-dca63233aa01,1,1,1,-65
59,DC:A6:32:33:AA:02,2020-07-10 18:42:55.291100,a7f8c730-c317-11ea-87c7-dca63233aa01,1,1,1,-67
60,DC:A6:32:33:AA:02,2020-07-10 18:42:56.135413,a7f8c730-c317-11ea-87c7-dca63233aa01,1,1,1,-64
61,DC:A6:32:33:AA:02,2020-07-10 18:42:57.030461,a7f8c730-c317-11ea-87c7-dca63233aa01,1,1,1,-64
62,DC:A6:32:33:AA:02,2020-07-10 18:42:58.364335,a7f8c730-c317-11ea-87c7-dca63233aa01,1,1,1,-66
63,DC:A6:32:33:AA:02,2020-07-10 18:42:59.751196,a7f8c730-c317-11ea-87c7-dca63233aa01,1,1,1,-65
64,DC:A6:32:33:AA:02,2020-07-10 18:43:00.009267,a7f8c730-c317-11ea-87c7-dca63233aa01,1,1,1,-64
65,DC:A6:32:33:AA:02,2020-07-10 18:43:01.303083,a7f8c730-c317-11ea-87c7-dca63233aa01,1,1,1,-65
66,DC:A6:32:33:AA:02,2020-07-10 18:43:02.399310,a7f8c730-c317-11ea-87c7-dca63233aa01,1,1,1,-65
67,DC:A6:32:33:AA:02,2020-07-10 18:43:03.079318,a7f8c730-c317-11ea-87c7-dca63233aa01,1,1,1,-65
68,DC:A6:32:33:AA:02,2020-07-10 18:43:04.024363,a7f8c730-c317-11ea-87c7-dca63233aa01,1,1,1,-65
69,DC:A6:32:33:AA:02,2020-07-10 18:43:05.285599,a7f8c730-c317-11ea-87c7-dca63233aa01,1,1,1,-63
70,DC:A6:32:33:AA:02,2020-07-10 18:43:06.009415,a7f8c730-c317-11ea-87c7-dca63233aa01,1,1,1,-68
71,DC:A6:32:33:AA:02,2020-07-10 18:43:07.634464,a7f8c730-c317-11ea-87c7-dca63233aa01,1,1,1,-64
72,DC:A6:32:33:AA:02,2020-07-10 18:43:08.041263,a7f8c730-c317-11ea-87c7-dca63233aa01,1,1,1,-64
73,DC:A6:32:33:AA:02,2020-07-10 18:43:09.343175,a7f8c730-c317-11ea-87c7-dca63233aa01,1,1,1,-64
74,DC:A6:32:33:AA:02,2020-07-10 18:43:10.361985,a7f8c730-c317-11ea-87c7-dca63233aa01,1,1,1,-67
75,DC:A6:32:33:AA:02,2020-07-10 18:43:11.056959,a7f8c730-c317-11ea-87c7-dca63233aa01,1,1,1,-65
76,DC:A6:32:33:AA:02,2020-07-10 18:43:13.062092,a7f8c730-c317-11ea-87c7-dca63233aa01,1,1,1,-68
77,DC:A6:32:33:AA:02,2020-07-10 18:43:15.067044,a7f8c730-c317-11ea-87c7-dca63233aa01,1,1,1,-67
78,DC:A6:32:33:AA:02,2020-07-10 18:43:17.072099,a7f8c730-c317-11ea-87c7-dca63233aa01,1,1,1,-66
79,DC:A6:32:33:AA:02,2020-07-10 18:43:19.077190,a7f8c730-c317-11ea-87c7-dca63233aa01,1,1,1,-65
80,DC:A6:32:33:AA:02,2020-07-10 18:43:20.194646,a7f8c730-c317-11ea-87c7-dca63233aa01,1,1,1,-68
81,DC:A6:32:33:AA:02,2020-07-10 18:43:21.015877,a7f8c730-c317-11ea-87c7-dca63233aa01,1,1,1,-67
82,DC:A6:32:33:AA:02,2020-07-10 18:43:23.020954,a7f8c730-c317-11ea-87c7-dca63233aa01,1,1,1,-67
83,DC:A6:32:33:AA:02,2020-07-10 18:43:25.025413,a7f8c730-c317-11ea-87c7-dca63233aa01,1,1,1,-63
84,DC:A6:32:33:AA:02,2020-07-10 18:43:26.019726,a7f8c730-c317-11ea-87c7-dca63233aa01,1,1,1,-67
85,DC:A6:32:33:AA:02,2020-07-10 18:43:28.024872,a7f8c730-c317-11ea-87c7-dca63233aa01,1,1,1,-64
86,DC:A6:32:33:AA:02,2020-07-10 18:43:30.029960,a7f8c730-c317-11ea-87c7-dca63233aa01,1,1,1,-67
87,DC:A6:32:33:AA:02,2020-07-10 18:43:31.289271,a7f8c730-c317-11ea-87c7-dca63233aa01,1,1,1,-64
88,DC:A6:32:33:AA:02,2020-07-10 18:43:32.066089,a7f8c730-c317-11ea-87c7-dca63233aa01,1,1,1,-64
89,DC:A6:32:33:AA:02,2020-07-10 18:43:33.131725,a7f8c730-c317-11ea-87c7-dca63233aa01,1,1,1,-64
90,DC:A6:32:33:AA:02,2020-07-10 18:43:35.136290,a7f8c730-c317-11ea-87c7-dca63233aa01,1,1,1,-64
91,DC:A6:32:33:AA:02,2020-07-10 18:43:37.093088,a7f8c730-c317-11ea-87c7-dca63233aa01,1,1,1,-67
92,DC:A6:32:33:AA:02,2020-07-10 18:43:38.541898,a7f8c730-c317-11ea-87c7-dca63233aa01,1,1,1,-67
93,DC:A6:32:33:AA:02,2020-07-10 18:43:39.460097,a7f8c730-c317-11ea-87c7-dca63233aa01,1,1,1,-65
94,DC:A6:32:33:AA:02,2020-07-10 18:43:40.020069,a7f8c730-c317-11ea-87c7-dca63233aa01,1,1,1,-66
95,DC:A6:32:33:AA:02,2020-07-10 18:43:42.025110,a7f8c730-c317-11ea-87c7-dca63233aa01,1,1,1,-64
96,DC:A6:32:33:AA:02,2020-07-10 18:43:43.325068,a7f8c730-c317-11ea-87c7-dca63233aa01,1,1,1,-64
97,DC:A6:32:33:AA:02,2020-07-10 18:43:44.045072,a7f8c730-c317-11ea-87c7-dca63233aa01,1,1,1,-64
98,DC:A6:32:33:AA:02,2020-07-10 18:43:45.048892,a7f8c730-c317-11ea-87c7-dca63233aa01,1,1,1,-67
99,DC:A6:32:33:AA:02,2020-07-10 18:43:46.100150,a7f8c730-c317-11ea-87c7-dca63233aa01,1,1,1,-64
100,DC:A6:32:33:AA:02,2020-07-10 18:43:47.206469,a7f8c730-c317-11ea-87c7-dca63233aa01,1,1,1,-67
101,DC:A6:32:33:AA:02,2020-07-10 18:43:48.087652,a7f8c730-c317-11ea-87c7-dca63233aa01,1,1,1,-65
102,DC:A6:32:33:AA:02,2020-07-10 18:43:49.100168,a7f8c730-c317-11ea-87c7-dca63233aa01,1,1,1,-68
103,DC:A6:32:33:AA:02,2020-07-10 18:43:50.192079,a7f8c730-c317-11ea-87c7-dca63233aa01,1,1,1,-63
104,DC:A6:32:33:AA:02,2020-07-10 18:43:51.170276,a7f8c730-c317-11ea-87c7-dca63233aa01,1,1,1,-65
105,DC:A6:32:33:AA:02,2020-07-10 18:43:53.175443,a7f8c730-c317-11ea-87c7-dca63233aa01,1,1,1,-64
106,DC:A6:32:33:AA:02,2020-07-10 18:43:54.017948,a7f8c730-c317-11ea-87c7-dca63233aa01,1,1,1,-64
107,DC:A6:32:33:AA:02,2020-07-10 18:43:56.023003,a7f8c730-c317-11ea-87c7-dca63233aa01,1,1,1,-66
108,DC:A6:32:33:AA:02,2020-07-10 18:43:58.028077,a7f8c730-c317-11ea-87c7-dca63233aa01,1,1,1,-65
109,DC:A6:32:33:AA:02,2020-07-10 18:44:00.033052,a7f8c730-c317-11ea-87c7-dca63233aa01,1,1,1,-64
110,DC:A6:32:33:AA:02,2020-07-10 18:44:01.485516,a7f8c730-c317-11ea-87c7-dca63233aa01,1,1,1,-65
111,DC:A6:32:33:AA:02,2020-07-10 18:44:02.298011,a7f8c730-c317-11ea-87c7-dca63233aa01,1,1,1,-65
112,DC:A6:32:33:AA:02,2020-07-10 18:44:03.031423,a7f8c730-c317-11ea-87c7-dca63233aa01,1,1,1,-65
113,DC:A6:32:33:AA:02,2020-07-10 18:44:04.211121,a7f8c730-c317-11ea-87c7-dca63233aa01,1,1,1,-63
114,DC:A6:32:33:AA:02,2020-07-10 18:44:05.600583,a7f8c730-c317-11ea-87c7-dca63233aa01,1,1,1,-64
115,DC:A6:32:33:AA:02,2020-07-10 18:44:06.006799,a7f8c730-c317-11ea-87c7-dca63233aa01,1,1,1,-64
116,DC:A6:32:33:AA:02,2020-07-10 18:44:07.263638,a7f8c730-c317-11ea-87c7-dca63233aa01,1,1,1,-64
117,DC:A6:32:33:AA:02,2020-07-10 18:44:09.268238,a7f8c730-c317-11ea-87c7-dca63233aa01,1,1,1,-67
118,DC:A6:32:33:AA:02,2020-07-10 18:44:10.019384,a7f8c730-c317-11ea-87c7-dca63233aa01,1,1,1,-67
119,DC:A6:32:33:AA:02,2020-07-10 18:44:11.092561,a7f8c730-c317-11ea-87c7-dca63233aa01,1,1,1,-65
120,DC:A6:32:33:AA:02,2020-07-10 18:44:12.233131,a7f8c730-c317-11ea-87c7-dca63233aa01,1,1,1,-65
121,DC:A6:32:33:AA:02,2020-07-10 18:44:13.086869,a7f8c730-c317-11ea-87c7-dca63233aa01,1,1,1,-64
122,DC:A6:32:33:AA:02,2020-07-10 18:44:15.095985,a7f8c730-c317-11ea-87c7-dca63233aa01,1,1,1,-64
123,DC:A6:32:33:AA:02,2020-07-10 18:44:17.100893,a7f8c730-c317-11ea-87c7-dca63233aa01,1,1,1,-65
124,DC:A6:32:33:AA:02,2020-07-10 18:44:18.777090,a7f8c730-c317-11ea-87c7-dca63233aa01,1,1,1,-64
125,DC:A6:32:33:AA:02,2020-07-10 18:44:19.026986,a7f8c730-c317-11ea-87c7-dca63233aa01,1,1,1,-68
126,DC:A6:32:33:AA:02,2020-07-10 18:44:20.080850,a7f8c730-c317-11ea-87c7-dca63233aa01,1,1,1,-64
127,DC:A6:32:33:AA:02,2020-07-10 18:44:21.600942,a7f8c730-c317-11ea-87c7-dca63233aa01,1,1,1,-64
128,DC:A6:32:33:AA:02,2020-07-10 18:44:22.050869,a7f8c730-c317-11ea-87c7-dca63233aa01,1,1,1,-64
129,DC:A6:32:33:AA:02,2020-07-10 18:44:23.149710,a7f8c730-c317-11ea-87c7-dca63233aa01,1,1,1,-65
130,DC:A6:32:33:AA:02,2020-07-10 18:44:25.154693,a7f8c730-c317-11ea-87c7-dca63233aa01,1,1,1,-64
131,DC:A6:32:33:AA:02,2020-07-10 18:44:27.159680,a7f8c730-c317-11ea-87c7-dca63233aa01,1,1,1,-65
132,DC:A6:32:33:AA:02,2020-07-10 18:44:28.051054,a7f8c730-c317-11ea-87c7-dca63233aa01,1,1,1,-68
133,DC:A6:32:33:AA:02,2020-07-10 18:44:29.869917,a7f8c730-c317-11ea-87c7-dca63233aa01,1,1,1,-65
134,DC:A6:32:33:AA:02,2020-07-10 18:44:30.007317,a7f8c730-c317-11ea-87c7-dca63233aa01,1,1,1,-66
135,DC:A6:32:33:AA:02,2020-07-10 18:44:31.156001,a7f8c730-c317-11ea-87c7-dca63233aa01,1,1,1,-65
136,DC:A6:32:33:AA:02,2020-07-10 18:44:32.100989,a7f8c730-c317-11ea-87c7-dca63233aa01,1,1,1,-64
137,DC:A6:32:33:AA:02,2020-07-10 18:44:33.738039,a7f8c730-c317-11ea-87c7-dca63233aa01,1,1,1,-63
138,DC:A6:32:33:AA:02,2020-07-10 18:44:34.237320,a7f8c730-c317-11ea-87c7-dca63233aa01,1,1,1,-67
139,DC:A6:32:33:AA:02,2020-07-10 18:44:35.161128,a7f8c730-c317-11ea-87c7-dca63233aa01,1,1,1,-63
140,DC:A6:32:33:AA:02,2020-07-10 18:44:37.166113,a7f8c730-c317-11ea-87c7-dca63233aa01,1,1,1,-64
141,DC:A6:32:33:AA:02,2020-07-10 18:44:39.171176,a7f8c730-c317-11ea-87c7-dca63233aa01,1,1,1,-67
142,DC:A6:32:33:AA:02,2020-07-10 18:44:41.176415,a7f8c730-c317-11ea-87c7-dca63233aa01,1,1,1,-67
143,DC:A6:32:33:AA:02,2020-07-10 18:44:43.181267,a7f8c730-c317-11ea-87c7-dca63233aa01,1,1,1,-64
144,DC:A6:32:33:AA:02,2020-07-10 18:44:45.186282,a7f8c730-c317-11ea-87c7-dca63233aa01,1,1,1,-64
145,DC:A6:32:33:AA:02,2020-07-10 18:44:47.191476,a7f8c730-c317-11ea-87c7-dca63233aa01,1,1,1,-63
146,DC:A6:32:33:AA:02,2020-07-10 18:44:48.227594,a7f8c730-c317-11ea-87c7-dca63233aa01,1,1,1,-64
147,DC:A6:32:33:AA:02,2020-07-10 18:44:50.232632,a7f8c730-c317-11ea-87c7-dca63233aa01,1,1,1,-67
148,DC:A6:32:33:AA:02,2020-07-10 18:44:51.198881,a7f8c730-c317-11ea-87c7-dca63233aa01,1,1,1,-64
149,DC:A6:32:33:AA:02,2020-07-10 18:44:53.204056,a7f8c730-c317-11ea-87c7-dca63233aa01,1,1,1,-65
150,DC:A6:32:33:AA:02,2020-07-10 18:44:55.209033,a7f8c730-c317-11ea-87c7-dca63233aa01,1,1,1,-64
151,DC:A6:32:33:AA:02,2020-07-10 18:44:56.455240,a7f8c730-c317-11ea-87c7-dca63233aa01,1,1,1,-65
152,DC:A6:32:33:AA:02,2020-07-10 18:44:57.370234,a7f8c730-c317-11ea-87c7-dca63233aa01,1,1,1,-67
153,DC:A6:32:33:AA:02,2020-07-10 18:44:58.262808,a7f8c730-c317-11ea-87c7-dca63233aa01,1,1,1,-67
154,DC:A6:32:33:AA:02,2020-07-10 18:45:00.268052,a7f8c730-c317-11ea-87c7-dca63233aa01,1,1,1,-67
155,DC:A6:32:33:AA:02,2020-07-10 18:45:02.272369,a7f8c730-c317-11ea-87c7-dca63233aa01,1,1,1,-66
156,DC:A6:32:33:AA:02,2020-07-10 18:45:04.276833,a7f8c730-c317-11ea-87c7-dca63233aa01,1,1,1,-64
157,DC:A6:32:33:AA:02,2020-07-10 18:45:05.146947,a7f8c730-c317-11ea-87c7-dca63233aa01,1,1,1,-64
158,DC:A6:32:33:AA:02,2020-07-10 18:45:06.239424,a7f8c730-c317-11ea-87c7-dca63233aa01,1,1,1,-64
159,DC:A6:32:33:AA:02,2020-07-10 18:45:07.181336,a7f8c730-c317-11ea-87c7-dca63233aa01,1,1,1,-64
160,DC:A6:32:33:AA:02,2020-07-10 18:45:09.185950,a7f8c730-c317-11ea-87c7-dca63233aa01,1,1,1,-67
161,DC:A6:32:33:AA:02,2020-07-10 18:45:11.191163,a7f8c730-c317-11ea-87c7-dca63233aa01,1,1,1,-65
162,DC:A6:32:33:AA:02,2020-07-10 18:45:12.442924,a7f8c730-c317-11ea-87c7-dca63233aa01,1,1,1,-64
163,DC:A6:32:33:AA:02,2020-07-10 18:45:13.479934,a7f8c730-c317-11ea-87c7-dca63233aa01,1,1,1,-68
164,DC:A6:32:33:AA:02,2020-07-10 18:45:14.031143,a7f8c730-c317-11ea-87c7-dca63233aa01,1,1,1,-65
165,DC:A6:32:33:AA:02,2020-07-10 18:45:15.282602,a7f8c730-c317-11ea-87c7-dca63233aa01,1,1,1,-68
166,DC:A6:32:33:AA:02,2020-07-10 18:45:16.050155,a7f8c730-c317-11ea-87c7-dca63233aa01,1,1,1,-66
167,DC:A6:32:33:AA:02,2020-07-10 18:45:18.055318,a7f8c730-c317-11ea-87c7-dca63233aa01,1,1,1,-64
168,DC:A6:32:33:AA:02,2020-07-10 18:45:20.060392,a7f8c730-c317-11ea-87c7-dca63233aa01,1,1,1,-63
169,DC:A6:32:33:AA:02,2020-07-10 18:45:21.359178,a7f8c730-c317-11ea-87c7-dca63233aa01,1,1,1,-68
170,DC:A6:32:33:AA:02,2020-07-10 18:45:23.364332,a7f8c730-c317-11ea-87c7-dca63233aa01,1,1,1,-64
171,DC:A6:32:33:AA:02,2020-07-10 18:45:24.109278,a7f8c730-c317-11ea-87c7-dca63233aa01,1,1,1,-65
172,DC:A6:32:33:AA:02,2020-07-10 18:45:25.830630,a7f8c730-c317-11ea-87c7-dca63233aa01,1,1,1,-67
173,DC:A6:32:33:AA:02,2020-07-10 18:45:26.040609,a7f8c730-c317-11ea-87c7-dca63233aa01,1,1,1,-63
174,DC:A6:32:33:AA:02,2020-07-10 18:45:28.045914,a7f8c730-c317-11ea-87c7-dca63233aa01,1,1,1,-67
175,DC:A6:32:33:AA:02,2020-07-10 18:45:30.051043,a7f8c730-c317-11ea-87c7-dca63233aa01,1,1,1,-64
176,DC:A6:32:33:AA:02,2020-07-10 18:45:31.772275,a7f8c730-c317-11ea-87c7-dca63233aa01,1,1,1,-66
177,DC:A6:32:33:AA:02,2020-07-10 18:45:32.018480,a7f8c730-c317-11ea-87c7-dca63233aa01,1,1,1,-64
178,DC:A6:32:33:AA:02,2020-07-10 18:45:34.023674,a7f8c730-c317-11ea-87c7-dca63233aa01,1,1,1,-63
179,DC:A6:32:33:AA:02,2020-07-10 18:45:35.390049,a7f8c730-c317-11ea-87c7-dca63233aa01,1,1,1,-64
180,DC:A6:32:33:AA:02,2020-07-10 18:45:37.395128,a7f8c730-c317-11ea-87c7-dca63233aa01,1,1,1,-67
181,DC:A6:32:33:AA:02,2020-07-10 18:45:39.400326,a7f8c730-c317-11ea-87c7-dca63233aa01,1,1,1,-64
182,DC:A6:32:33:AA:02,2020-07-10 18:45:40.086628,a7f8c730-c317-11ea-87c7-dca63233aa01,1,1,1,-65
183,DC:A6:32:33:AA:02,2020-07-10 18:45:42.091748,a7f8c730-c317-11ea-87c7-dca63233aa01,1,1,1,-64
184,DC:A6:32:33:AA:02,2020-07-10 18:45:43.094183,a7f8c730-c317-11ea-87c7-dca63233aa01,1,1,1,-65
185,DC:A6:32:33:AA:02,2020-07-10 18:45:44.104291,a7f8c730-c317-11ea-87c7-dca63233aa01,1,1,1,-64
186,DC:A6:32:33:AA:02,2020-07-10 18:45:46.109459,a7f8c730-c317-11ea-87c7-dca63233aa01,1,1,1,-68
187,DC:A6:32:33:AA:02,2020-07-10 18:45:47.081948,a7f8c730-c317-11ea-87c7-dca63233aa01,1,1,1,-64
188,DC:A6:32:33:AA:02,2020-07-10 18:45:49.087084,a7f8c730-c317-11ea-87c7-dca63233aa01,1,1,1,-64
189,DC:A6:32:33:AA:02,2020-07-10 18:45:50.030844,a7f8c730-c317-11ea-87c7-dca63233aa01,1,1,1,-65
190,DC:A6:32:33:AA:02,2020-07-10 18:45:51.059661,a7f8c730-c317-11ea-87c7-dca63233aa01,1,1,1,-68
191,DC:A6:32:33:AA:02,2020-07-10 18:45:52.027254,a7f8c730-c317-11ea-87c7-dca63233aa01,1,1,1,-64
192,DC:A6:32:33:AA:02,2020-07-10 18:45:53.606664,a7f8c730-c317-11ea-87c7-dca63233aa01,1,1,1,-64
193,DC:A6:32:33:AA:02,2020-07-10 18:45:54.209851,a7f8c730-c317-11ea-87c7-dca63233aa01,1,1,1,-64
194,DC:A6:32:33:AA:02,2020-07-10 18:45:55.041085,a7f8c730-c317-11ea-87c7-dca63233aa01,1,1,1,-65
195,DC:A6:32:33:AA:02,2020-07-10 18:45:56.493613,a7f8c730-c317-11ea-87c7-dca63233aa01,1,1,1,-68
196,DC:A6:32:33:AA:02,2020-07-10 18:45:57.429989,a7f8c730-c317-11ea-87c7-dca63233aa01,1,1,1,-68
197,DC:A6:32:33:AA:02,2020-07-10 18:45:58.491948,a7f8c730-c317-11ea-87c7-dca63233aa01,1,1,1,-65
198,DC:A6:32:33:AA:02,2020-07-10 18:45:59.130007,a7f8c730-c317-11ea-87c7-dca63233aa01,1,1,1,-68
199,DC:A6:32:33:AA:02,2020-07-10 18:46:00.077029,a7f8c730-c317-11ea-87c7-dca63233aa01,1,1,1,-67
200,DC:A6:32:33:AA:02,2020-07-10 18:46:01.125720,a7f8c730-c317-11ea-87c7-dca63233aa01,1,1,1,-64
201,DC:A6:32:33:AA:02,2020-07-10 18:46:02.398971,a7f8c730-c317-11ea-87c7-dca63233aa01,1,1,1,-64
202,DC:A6:32:33:AA:02,2020-07-10 18:46:03.103968,a7f8c730-c317-11ea-87c7-dca63233aa01,1,1,1,-64
203,DC:A6:32:33:AA:02,2020-07-10 18:46:05.108584,a7f8c730-c317-11ea-87c7-dca63233aa01,1,1,1,-64
204,DC:A6:32:33:AA:02,2020-07-10 18:46:06.026669,a7f8c730-c317-11ea-87c7-dca63233aa01,1,1,1,-64
205,DC:A6:32:33:AA:02,2020-07-10 18:46:07.455431,a7f8c730-c317-11ea-87c7-dca63233aa01,1,1,1,-64
206,DC:A6:32:33:AA:02,2020-07-10 18:46:08.007960,a7f8c730-c317-11ea-87c7-dca63233aa01,1,1,1,-67
207,DC:A6:32:33:AA:02,2020-07-10 18:46:09.643009,a7f8c730-c317-11ea-87c7-dca63233aa01,1,1,1,-64
208,DC:A6:32:33:AA:02,2020-07-10 18:46:10.139359,a7f8c730-c317-11ea-87c7-dca63233aa01,1,1,1,-63
209,DC:A6:32:33:AA:02,2020-07-10 18:46:11.007581,a7f8c730-c317-11ea-87c7-dca63233aa01,1,1,1,-64
210,DC:A6:32:33:AA:02,2020-07-10 18:46:13.012034,a7f8c730-c317-11ea-87c7-dca63233aa01,1,1,1,-67
211,DC:A6:32:33:AA:02,2020-07-10 18:46:14.552077,a7f8c730-c317-11ea-87c7-dca63233aa01,1,1,1,-66
212,DC:A6:32:33:AA:02,2020-07-10 18:46:15.032040,a7f8c730-c317-11ea-87c7-dca63233aa01,1,1,1,-65
213,DC:A6:32:33:AA:02,2020-07-10 18:46:16.422202,a7f8c730-c317-11ea-87c7-dca63233aa01,1,1,1,-63
214,DC:A6:32:33:AA:02,2020-07-10 18:46:17.012151,a7f8c730-c317-11ea-87c7-dca63233aa01,1,1,1,-65
215,DC:A6:32:33:AA:02,2020-07-10 18:46:18.472297,a7f8c730-c317-11ea-87c7-dca63233aa01,1,1,1,-65
216,DC:A6:32:33:AA:02,2020-07-10 18:46:19.146024,a7f8c730-c317-11ea-87c7-dca63233aa01,1,1,1,-67
217,DC:A6:32:33:AA:02,2020-07-10 18:46:20.072349,a7f8c730-c317-11ea-87c7-dca63233aa01,1,1,1,-64
218,DC:A6:32:33:AA:02,2020-07-10 18:46:22.077527,a7f8c730-c317-11ea-87c7-dca63233aa01,1,1,1,-65
219,DC:A6:32:33:AA:02,2020-07-10 18:46:23.038176,a7f8c730-c317-11ea-87c7-dca63233aa01,1,1,1,-64
220,DC:A6:32:33:AA:02,2020-07-10 18:46:24.046305,a7f8c730-c317-11ea-87c7-dca63233aa01,1,1,1,-64
221,DC:A6:32:33:AA:02,2020-07-10 18:46:25.036263,a7f8c730-c317-11ea-87c7-dca63233aa01,1,1,1,-64
222,DC:A6:32:33:AA:02,2020-07-10 18:46:26.373810,a7f8c730-c317-11ea-87c7-dca63233aa01,1,1,1,-64
223,DC:A6:32:33:AA:02,2020-07-10 18:46:27.071331,a7f8c730-c317-11ea-87c7-dca63233aa01,1,1,1,-64
224,DC:A6:32:33:AA:02,2020-07-10 18:46:28.086446,a7f8c730-c317-11ea-87c7-dca63233aa01,1,1,1,-65
225,DC:A6:32:33:AA:02,2020-07-10 18:46:30.091631,a7f8c730-c317-11ea-87c7-dca63233aa01,1,1,1,-67
226,DC:A6:32:33:AA:02,2020-07-10 18:46:31.010411,a7f8c730-c317-11ea-87c7-dca63233aa01,1,1,1,-64
227,DC:A6:32:33:AA:02,2020-07-10 18:46:32.161622,a7f8c730-c317-11ea-87c7-dca63233aa01,1,1,1,-65
228,DC:A6:32:33:AA:02,2020-07-10 18:46:33.264737,a7f8c730-c317-11ea-87c7-dca63233aa01,1,1,1,-64
229,DC:A6:32:33:AA:02,2020-07-10 18:46:35.270603,a7f8c730-c317-11ea-87c7-dca63233aa01,1,1,1,-64
230,DC:A6:32:33:AA:02,2020-07-10 18:46:36.044289,a7f8c730-c317-11ea-87c7-dca63233aa01,1,1,1,-67
231,DC:A6:32:33:AA:02,2020-07-10 18:46:37.760575,a7f8c730-c317-11ea-87c7-dca63233aa01,1,1,1,-63
232,DC:A6:32:33:AA:02,2020-07-10 18:46:38.011820,a7f8c730-c317-11ea-87c7-dca63233aa01,1,1,1,-63
233,DC:A6:32:33:AA:02,2020-07-10 18:46:39.524428,a7f8c730-c317-11ea-87c7-dca63233aa01,1,1,1,-65
234,DC:A6:32:33:AA:02,2020-07-10 18:46:40.022086,a7f8c730-c317-11ea-87c7-dca63233aa01,1,1,1,-65
235,DC:A6:32:33:AA:02,2020-07-10 18:46:41.367758,a7f8c730-c317-11ea-87c7-dca63233aa01,1,1,1,-65
236,DC:A6:32:33:AA:02,2020-07-10 18:46:42.065785,a7f8c730-c317-11ea-87c7-dca63233aa01,1,1,1,-67
237,DC:A6:32:33:AA:02,2020-07-10 18:46:44.070864,a7f8c730-c317-11ea-87c7-dca63233aa01,1,1,1,-67
238,DC:A6:32:33:AA:02,2020-07-10 18:46:45.603485,a7f8c730-c317-11ea-87c7-dca63233aa01,1,1,1,-63
239,DC:A6:32:33:AA:02,2020-07-10 18:46:46.214788,a7f8c730-c317-11ea-87c7-dca63233aa01,1,1,1,-65
240,DC:A6:32:33:AA:02,2020-07-10 18:46:48.219857,a7f8c730-c317-11ea-87c7-dca63233aa01,1,1,1,-67
241,DC:A6:32:33:AA:02,2020-07-10 18:46:49.046068,a7f8c730-c317-11ea-87c7-dca63233aa01,1,1,1,-64
242,DC:A6:32:33:AA:02,2020-07-10 18:46:50.356143,a7f8c730-c317-11ea-87c7-dca63233aa01,1,1,1,-64
243,DC:A6:32:33:AA:02,2020-07-10 18:46:51.598159,a7f8c730-c317-11ea-87c7-dca63233aa01,1,1,1,-67
244,DC:A6:32:33:AA:02,2020-07-10 18:46:52.076201,a7f8c730-c317-11ea-87c7-dca63233aa01,1,1,1,-67
245,DC:A6:32:33:AA:02,2020-07-10 18:46:54.081445,a7f8c730-c317-11ea-87c7-dca63233aa01,1,1,1,-68
246,DC:A6:32:33:AA:02,2020-07-10 18:46:56.086508,a7f8c730-c317-11ea-87c7-dca63233aa01,1,1,1,-65
247,DC:A6:32:33:AA:02,2020-07-10 18:46:57.094040,a7f8c730-c317-11ea-87c7-dca63233aa01,1,1,1,-68
248,DC:A6:32:33:AA:02,2020-07-10 18:46:58.085240,a7f8c730-c317-11ea-87c7-dca63233aa01,1,1,1,-63
249,DC:A6:32:33:AA:02,2020-07-10 18:46:59.462758,a7f8c730-c317-11ea-87c7-dca63233aa01,1,1,1,-67
250,DC:A6:32:33:AA:02,2020-07-10 18:47:00.197780,a7f8c730-c317-11ea-87c7-dca63233aa01,1,1,1,-64
251,DC:A6:32:33:AA:02,2020-07-10 18:47:01.312851,a7f8c730-c317-11ea-87c7-dca63233aa01,1,1,1,-64
252,DC:A6:32:33:AA:02,2020-07-10 18:47:03.318185,a7f8c730-c317-11ea-87c7-dca63233aa01,1,1,1,-67
253,DC:A6:32:33:AA:02,2020-07-10 18:47:04.160511,a7f8c730-c317-11ea-87c7-dca63233aa01,1,1,1,-64
254,DC:A6:32:33:AA:02,2020-07-10 18:47:05.025514,a7f8c730-c317-11ea-87c7-dca63233aa01,1,1,1,-67
255,DC:A6:32:33:AA:02,2020-07-10 18:47:06.068122,a7f8c730-c317-11ea-87c7-dca63233aa01,1,1,1,-65
256,DC:A6:32:33:AA:02,2020-07-10 18:47:08.073200,a7f8c730-c317-11ea-87c7-dca63233aa01,1,1,1,-67
257,DC:A6:32:33:AA:02,2020-07-10 18:47:10.078366,a7f8c730-c317-11ea-87c7-dca63233aa01,1,1,1,-64
258,DC:A6:32:33:AA:02,2020-07-10 18:47:11.049525,a7f8c730-c317-11ea-87c7-dca63233aa01,1,1,1,-67
259,DC:A6:32:33:AA:02,2020-07-10 18:47:13.054619,a7f8c730-c317-11ea-87c7-dca63233aa01,1,1,1,-67
260,DC:A6:32:33:AA:02,2020-07-10 18:47:14.057217,a7f8c730-c317-11ea-87c7-dca63233aa01,1,1,1,-67
261,DC:A6:32:33:AA:02,2020-07-10 18:47:16.062283,a7f8c730-c317-11ea-87c7-dca63233aa01,1,1,1,-63
262,DC:A6:32:33:AA:02,2020-07-10 18:47:17.246012,a7f8c730-c317-11ea-87c7-dca63233aa01,1,1,1,-67
263,DC:A6:32:33:AA:02,2020-07-10 18:47:19.251107,a7f8c730-c317-11ea-87c7-dca63233aa01,1,1,1,-67
264,DC:A6:32:33:AA:02,2020-07-10 18:47:20.228667,a7f8c730-c317-11ea-87c7-dca63233aa01,1,1,1,-63
265,DC:A6:32:33:AA:02,2020-07-10 18:47:22.233777,a7f8c730-c317-11ea-87c7-dca63233aa01,1,1,1,-64
266,DC:A6:32:33:AA:02,2020-07-10 18:47:23.484166,a7f8c730-c317-11ea-87c7-dca63233aa01,1,1,1,-64
267,DC:A6:32:33:AA:02,2020-07-10 18:47:24.098248,a7f8c730-c317-11ea-87c7-dca63233aa01,1,1,1,-67
268,DC:A6:32:33:AA:02,2020-07-10 18:47:25.079476,a7f8c730-c317-11ea-87c7-dca63233aa01,1,1,1,-68
269,DC:A6:32:33:AA:02,2020-07-10 18:47:26.152609,a7f8c730-c317-11ea-87c7-dca63233aa01,1,1,1,-67
270,DC:A6:32:33:AA:02,2020-07-10 18:47:27.076423,a7f8c730-c317-11ea-87c7-dca63233aa01,1,1,1,-67
271,DC:A6:32:33:AA:02,2020-07-10 18:47:28.073960,a7f8c730-c317-11ea-87c7-dca63233aa01,1,1,1,-63
272,DC:A6:32:33:AA:02,2020-07-10 18:47:29.240238,a7f8c730-c317-11ea-87c7-dca63233aa01,1,1,1,-66
273,DC:A6:32:33:AA:02,2020-07-10 18:47:30.176490,a7f8c730-c317-11ea-87c7-dca63233aa01,1,1,1,-64
274,DC:A6:32:33:AA:02,2020-07-10 18:47:32.020315,a7f8c730-c317-11ea-87c7-dca63233aa01,1,1,1,-67
275,DC:A6:32:33:AA:02,2020-07-10 18:47:33.105406,a7f8c730-c317-11ea-87c7-dca63233aa01,1,1,1,-65
276,DC:A6:32:33:AA:02,2020-07-10 18:47:35.110532,a7f8c730-c317-11ea-87c7-dca63233aa01,1,1,1,-65
277,DC:A6:32:33:AA:02,2020-07-10 18:47:36.479912,a7f8c730-c317-11ea-87c7-dca63233aa01,1,1,1,-68
278,DC:A6:32:33:AA:02,2020-07-10 18:47:37.096721,a7f8c730-c317-11ea-87c7-dca63233aa01,1,1,1,-64
279,DC:A6:32:33:AA:02,2020-07-10 18:47:38.059364,a7f8c730-c317-11ea-87c7-dca63233aa01,1,1,1,-67
280,DC:A6:32:33:AA:02,2020-07-10 18:47:39.038247,a7f8c730-c317-11ea-87c7-dca63233aa01,1,1,1,-68
281,DC:A6:32:33:AA:02,2020-07-10 18:47:40.469599,a7f8c730-c317-11ea-87c7-dca63233aa01,1,1,1,-67
282,DC:A6:32:33:AA:02,2020-07-10 18:47:41.029483,a7f8c730-c317-11ea-87c7-dca63233aa01,1,1,1,-64
283,DC:A6:32:33:AA:02,2020-07-10 18:47:42.277010,a7f8c730-c317-11ea-87c7-dca63233aa01,1,1,1,-65
284,DC:A6:32:33:AA:02,2020-07-10 18:47:44.036972,a7f8c730-c317-11ea-87c7-dca63233aa01,1,1,1,-64
285,DC:A6:32:33:AA:02,2020-07-10 18:47:46.042236,a7f8c730-c317-11ea-87c7-dca63233aa01,1,1,1,-64
286,DC:A6:32:33:AA:02,2020-07-10 18:47:47.536006,a7f8c730-c317-11ea-87c7-dca63233aa01,1,1,1,-64
287,DC:A6:32:33:AA:02,2020-07-10 18:47:48.105954,a7f8c730-c317-11ea-87c7-dca63233aa01,1,1,1,-64
288,DC:A6:32:33:AA:02,2020-07-10 18:47:50.111087,a7f8c730-c317-11ea-87c7-dca63233aa01,1,1,1,-64
289,DC:A6:32:33:AA:02,2020-07-10 18:47:51.281180,a7f8c730-c317-11ea-87c7-dca63233aa01,1,1,1,-64
290,DC:A6:32:33:AA:02,2020-07-10 18:47:53.286203,a7f8c730-c317-11ea-87c7-dca63233aa01,1,1,1,-64
291,DC:A6:32:33:AA:02,2020-07-10 18:47:55.291190,a7f8c730-c317-11ea-87c7-dca63233aa01,1,1,1,-64
292,DC:A6:32:33:AA:02,2020-07-10 18:47:56.816286,a7f8c730-c317-11ea-87c7-dca63233aa01,1,1,1,-65
293,DC:A6:32:33:AA:02,2020-07-10 18:47:57.066272,a7f8c730-c317-11ea-87c7-dca63233aa01,1,1,1,-64
294,DC:A6:32:33:AA:02,2020-07-10 18:47:58.288847,a7f8c730-c317-11ea-87c7-dca63233aa01,1,1,1,-67
295,DC:A6:32:33:AA:02,2020-07-10 18:47:59.057597,a7f8c730-c317-11ea-87c7-dca63233aa01,1,1,1,-65
296,DC:A6:32:33:AA:02,2020-07-10 18:48:00.060104,a7f8c730-c317-11ea-87c7-dca63233aa01,1,1,1,-64
297,DC:A6:32:33:AA:02,2020-07-10 18:48:01.685191,a7f8c730-c317-11ea-87c7-dca63233aa01,1,1,1,-64
298,DC:A6:32:33:AA:02,2020-07-10 18:48:02.067721,a7f8c730-c317-11ea-87c7-dca63233aa01,1,1,1,-65
299,DC:A6:32:33:AA:02,2020-07-10 18:48:03.045245,a7f8c730-c317-11ea-87c7-dca63233aa01,1,1,1,-64
300,DC:A6:32:33:AA:02,2020-07-10 18:48:04.048973,a7f8c730-c317-11ea-87c7-dca63233aa01,1,1,1,-63
301,DC:A6:32:33:AA:02,2020-07-10 18:48:06.054072,a7f8c730-c317-11ea-87c7-dca63233aa01,1,1,1,-63
302,DC:A6:32:33:AA:02,2020-07-10 18:48:07.285375,a7f8c730-c317-11ea-87c7-dca63233aa01,1,1,1,-63
303,DC:A6:32:33:AA:02,2020-07-10 18:48:08.056611,a7f8c730-c317-11ea-87c7-dca63233aa01,1,1,1,-64
304,DC:A6:32:33:AA:02,2020-07-10 18:48:10.061774,a7f8c730-c317-11ea-87c7-dca63233aa01,1,1,1,-63
305,DC:A6:32:33:AA:02,2020-07-10 18:48:11.012962,a7f8c730-c317-11ea-87c7-dca63233aa01,1,1,1,-64
306,DC:A6:32:33:AA:02,2020-07-10 18:48:13.018206,a7f8c730-c317-11ea-87c7-dca63233aa01,1,1,1,-63
307,DC:A6:32:33:AA:02,2020-07-10 18:48:15.023155,a7f8c730-c317-11ea-87c7-dca63233aa01,1,1,1,-64
308,DC:A6:32:33:AA:02,2020-07-10 18:48:17.028275,a7f8c730-c317-11ea-87c7-dca63233aa01,1,1,1,-64
309,DC:A6:32:33:AA:02,2020-07-10 18:48:18.782657,a7f8c730-c317-11ea-87c7-dca63233aa01,1,1,1,-63
310,DC:A6:32:33:AA:02,2020-07-10 18:48:19.055694,a7f8c730-c317-11ea-87c7-dca63233aa01,1,1,1,-64
311,DC:A6:32:33:AA:02,2020-07-10 18:48:20.851411,a7f8c730-c317-11ea-87c7-dca63233aa01,1,1,1,-66
312,DC:A6:32:33:AA:02,2020-07-10 18:48:21.016995,a7f8c730-c317-11ea-87c7-dca63233aa01,1,1,1,-64
313,DC:A6:32:33:AA:02,2020-07-10 18:48:22.141429,a7f8c730-c317-11ea-87c7-dca63233aa01,1,1,1,-65
314,DC:A6:32:33:AA:02,2020-07-10 18:48:23.120909,a7f8c730-c317-11ea-87c7-dca63233aa01,1,1,1,-65
315,DC:A6:32:33:AA:02,2020-07-10 18:48:24.285887,a7f8c730-c317-11ea-87c7-dca63233aa01,1,1,1,-64
316,DC:A6:32:33:AA:02,2020-07-10 18:48:26.290942,a7f8c730-c317-11ea-87c7-dca63233aa01,1,1,1,-67
317,DC:A6:32:33:AA:02,2020-07-10 18:48:28.059757,a7f8c730-c317-11ea-87c7-dca63233aa01,1,1,1,-67
318,DC:A6:32:33:AA:02,2020-07-10 18:48:29.198610,a7f8c730-c317-11ea-87c7-dca63233aa01,1,1,1,-64
319,DC:A6:32:33:AA:02,2020-07-10 18:48:30.233023,a7f8c730-c317-11ea-87c7-dca63233aa01,1,1,1,-64
320,DC:A6:32:33:AA:02,2020-07-10 18:48:31.003599,a7f8c730-c317-11ea-87c7-dca63233aa01,1,1,1,-67
321,DC:A6:32:33:AA:02,2020-07-10 18:48:33.008694,a7f8c730-c317-11ea-87c7-dca63233aa01,1,1,1,-64
322,DC:A6:32:33:AA:02,2020-07-10 18:48:34.251231,a7f8c730-c317-11ea-87c7-dca63233aa01,1,1,1,-67
323,DC:A6:32:33:AA:02,2020-07-10 18:48:36.255665,a7f8c730-c317-11ea-87c7-dca63233aa01,1,1,1,-64
324,DC:A6:32:33:AA:02,2020-07-10 18:48:38.261394,a7f8c730-c317-11ea-87c7-dca63233aa01,1,1,1,-67
325,DC:A6:32:33:AA:02,2020-07-10 18:48:39.027062,a7f8c730-c317-11ea-87c7-dca63233aa01,1,1,1,-67
326,DC:A6:32:33:AA:02,2020-07-10 18:48:40.140368,a7f8c730-c317-11ea-87c7-dca63233aa01,1,1,1,-64
327,DC:A6:32:33:AA:02,2020-07-10 18:48:41.341569,a7f8c730-c317-11ea-87c7-dca63233aa01,1,1,1,-67
328,DC:A6:32:33:AA:02,2020-07-10 18:48:43.133456,a7f8c730-c317-11ea-87c7-dca63233aa01,1,1,1,-64
329,DC:A6:32:33:AA:02,2020-07-10 18:48:44.169144,a7f8c730-c317-11ea-87c7-dca63233aa01,1,1,1,-64
330,DC:A6:32:33:AA:02,2020-07-10 18:48:45.439190,a7f8c730-c317-11ea-87c7-dca63233aa01,1,1,1,-65
331,DC:A6:32:33:AA:02,2020-07-10 18:48:46.109103,a7f8c730-c317-11ea-87c7-dca63233aa01,1,1,1,-64
332,DC:A6:32:33:AA:02,2020-07-10 18:48:48.114264,a7f8c730-c317-11ea-87c7-dca63233aa01,1,1,1,-64
333,DC:A6:32:33:AA:02,2020-07-10 18:48:49.565533,a7f8c730-c317-11ea-87c7-dca63233aa01,1,1,1,-66
334,DC:A6:32:33:AA:02,2020-07-10 18:48:50.036742,a7f8c730-c317-11ea-87c7-dca63233aa01,1,1,1,-67
335,DC:A6:32:33:AA:02,2020-07-10 18:48:51.786903,a7f8c730-c317-11ea-87c7-dca63233aa01,1,1,1,-67
336,DC:A6:32:33:AA:02,2020-07-10 18:48:52.094951,a7f8c730-c317-11ea-87c7-dca63233aa01,1,1,1,-66
337,DC:A6:32:33:AA:02,2020-07-10 18:48:54.099458,a7f8c730-c317-11ea-87c7-dca63233aa01,1,1,1,-64
338,DC:A6:32:33:AA:02,2020-07-10 18:48:55.248263,a7f8c730-c317-11ea-87c7-dca63233aa01,1,1,1,-64
339,DC:A6:32:33:AA:02,2020-07-10 18:48:56.066913,a7f8c730-c317-11ea-87c7-dca63233aa01,1,1,1,-64
340,DC:A6:32:33:AA:02,2020-07-10 18:48:58.072048,a7f8c730-c317-11ea-87c7-dca63233aa01,1,1,1,-67
341,DC:A6:32:33:AA:02,2020-07-10 18:48:59.778372,a7f8c730-c317-11ea-87c7-dca63233aa01,1,1,1,-63
342,DC:A6:32:33:AA:02,2020-07-10 18:49:00.079592,a7f8c730-c317-11ea-87c7-dca63233aa01,1,1,1,-64
343,DC:A6:32:33:AA:02,2020-07-10 18:49:02.084723,a7f8c730-c317-11ea-87c7-dca63233aa01,1,1,1,-67
344,DC:A6:32:33:AA:02,2020-07-10 18:49:03.876579,a7f8c730-c317-11ea-87c7-dca63233aa01,1,1,1,-64
345,DC:A6:32:33:AA:02,2020-07-10 18:49:04.012140,a7f8c730-c317-11ea-87c7-dca63233aa01,1,1,1,-66
346,DC:A6:32:33:AA:02,2020-07-10 18:49:05.392241,a7f8c730-c317-11ea-87c7-dca63233aa01,1,1,1,-65
347,DC:A6:32:33:AA:02,2020-07-10 18:49:06.039806,a7f8c730-c317-11ea-87c7-dca63233aa01,1,1,1,-64
348,DC:A6:32:33:AA:02,2020-07-10 18:49:08.029270,a7f8c730-c317-11ea-87c7-dca63233aa01,1,1,1,-68
349,DC:A6:32:33:AA:02,2020-07-10 18:49:09.581160,a7f8c730-c317-11ea-87c7-dca63233aa01,1,1,1,-63
350,DC:A6:32:33:AA:02,2020-07-10 18:49:10.078703,a7f8c730-c317-11ea-87c7-dca63233aa01,1,1,1,-67
351,DC:A6:32:33:AA:02,2020-07-10 18:49:11.181135,a7f8c730-c317-11ea-87c7-dca63233aa01,1,1,1,-64
352,DC:A6:32:33:AA:02,2020-07-10 18:49:13.186193,a7f8c730-c317-11ea-87c7-dca63233aa01,1,1,1,-67
353,DC:A6:32:33:AA:02,2020-07-10 18:49:15.191285,a7f8c730-c317-11ea-87c7-dca63233aa01,1,1,1,-64
354,DC:A6:32:33:AA:02,2020-07-10 18:49:16.033193,a7f8c730-c317-11ea-87c7-dca63233aa01,1,1,1,-64
355,DC:A6:32:33:AA:02,2020-07-10 18:49:17.204507,a7f8c730-c317-11ea-87c7-dca63233aa01,1,1,1,-63
356,DC:A6:32:33:AA:02,2020-07-10 18:49:18.591432,a7f8c730-c317-11ea-87c7-dca63233aa01,1,1,1,-64
357,DC:A6:32:33:AA:02,2020-07-10 18:49:19.136366,a7f8c730-c317-11ea-87c7-dca63233aa01,1,1,1,-65
358,DC:A6:32:33:AA:02,2020-07-10 18:49:21.141486,a7f8c730-c317-11ea-87c7-dca63233aa01,1,1,1,-67
359,DC:A6:32:33:AA:02,2020-07-10 18:49:23.146626,a7f8c730-c317-11ea-87c7-dca63233aa01,1,1,1,-64
360,DC:A6:32:33:AA:02,2020-07-10 18:49:24.187849,a7f8c730-c317-11ea-87c7-dca63233aa01,1,1,1,-64
361,DC:A6:32:33:AA:02,2020-07-10 18:49:25.019760,a7f8c730-c317-11ea-87c7-dca63233aa01,1,1,1,-64
362,DC:A6:32:33:AA:02,2020-07-10 18:49:26.774725,a7f8c730-c317-11ea-87c7-dca63233aa01,1,1,1,-67
363,DC:A6:32:33:AA:02,2020-07-10 18:49:27.037832,a7f8c730-c317-11ea-87c7-dca63233aa01,1,1,1,-64
364,DC:A6:32:33:AA:02,2020-07-10 18:49:28.080413,a7f8c730-c317-11ea-87c7-dca63233aa01,1,1,1,-64
365,DC:A6:32:33:AA:02,2020-07-10 18:49:29.064231,a7f8c730-c317-11ea-87c7-dca63233aa01,1,1,1,-67
366,DC:A6:32:33:AA:02,2020-07-10 18:49:31.069407,a7f8c730-c317-11ea-87c7-dca63233aa01,1,1,1,-65
367,DC:A6:32:33:AA:02,2020-07-10 18:49:32.093061,a7f8c730-c317-11ea-87c7-dca63233aa01,1,1,1,-63
368,DC:A6:32:33:AA:02,2020-07-10 18:49:34.098189,a7f8c730-c317-11ea-87c7-dca63233aa01,1,1,1,-64
369,DC:A6:32:33:AA:02,2020-07-10 18:49:36.103243,a7f8c730-c317-11ea-87c7-dca63233aa01,1,1,1,-67
370,DC:A6:32:33:AA:02,2020-07-10 18:49:38.108337,a7f8c730-c317-11ea-87c7-dca63233aa01,1,1,1,-63
371,DC:A6:32:33:AA:02,2020-07-10 18:49:40.113342,a7f8c730-c317-11ea-87c7-dca63233aa01,1,1,1,-63
372,DC:A6:32:33:AA:02,2020-07-10 18:49:41.239615,a7f8c730-c317-11ea-87c7-dca63233aa01,1,1,1,-67
373,DC:A6:32:33:AA:02,2020-07-10 18:49:42.275879,a7f8c730-c317-11ea-87c7-dca63233aa01,1,1,1,-64
374,DC:A6:32:33:AA:02,2020-07-10 18:49:44.280972,a7f8c730-c317-11ea-87c7-dca63233aa01,1,1,1,-64
375,DC:A6:32:33:AA:02,2020-07-10 18:49:45.595291,a7f8c730-c317-11ea-87c7-dca63233aa01,1,1,1,-67
376,DC:A6:32:33:AA:02,2020-07-10 18:49:46.102203,a7f8c730-c317-11ea-87c7-dca63233aa01,1,1,1,-65
377,DC:A6:32:33:AA:02,2020-07-10 18:49:48.107283,a7f8c730-c317-11ea-87c7-dca63233aa01,1,1,1,-64
378,DC:A6:32:33:AA:02,2020-07-10 18:49:50.112424,a7f8c730-c317-11ea-87c7-dca63233aa01,1,1,1,-64
379,DC:A6:32:33:AA:02,2020-07-10 18:49:52.117410,a7f8c730-c317-11ea-87c7-dca63233aa01,1,1,1,-65
380,DC:A6:32:33:AA:02,2020-07-10 18:49:54.122482,a7f8c730-c317-11ea-87c7-dca63233aa01,1,1,1,-67
381,DC:A6:32:33:AA:02,2020-07-10 18:49:55.031206,a7f8c730-c317-11ea-87c7-dca63233aa01,1,1,1,-64
382,DC:A6:32:33:AA:02,2020-07-10 18:49:57.036324,a7f8c730-c317-11ea-87c7-dca63233aa01,1,1,1,-65
383,DC:A6:32:33:AA:02,2020-07-10 18:49:58.088759,a7f8c730-c317-11ea-87c7-dca63233aa01,1,1,1,-64
384,DC:A6:32:33:AA:02,2020-07-10 18:50:00.093869,a7f8c730-c317-11ea-87c7-dca63233aa01,1,1,1,-67
385,DC:A6:32:33:AA:02,2020-07-10 18:50:01.272622,a7f8c730-c317-11ea-87c7-dca63233aa01,1,1,1,-64
386,DC:A6:32:33:AA:02,2020-07-10 18:50:02.602752,a7f8c730-c317-11ea-87c7-dca63233aa01,1,1,1,-65
387,DC:A6:32:33:AA:02,2020-07-10 18:50:03.091397,a7f8c730-c317-11ea-87c7-dca63233aa01,1,1,1,-67
388,DC:A6:32:33:AA:02,2020-07-10 18:50:04.229031,a7f8c730-c317-11ea-87c7-dca63233aa01,1,1,1,-64
389,DC:A6:32:33:AA:02,2020-07-10 18:50:06.234030,a7f8c730-c317-11ea-87c7-dca63233aa01,1,1,1,-63
390,DC:A6:32:33:AA:02,2020-07-10 18:50:07.012783,a7f8c730-c317-11ea-87c7-dca63233aa01,1,1,1,-66
391,DC:A6:32:33:AA:02,2020-07-10 18:50:09.017959,a7f8c730-c317-11ea-87c7-dca63233aa01,1,1,1,-63
392,DC:A6:32:33:AA:02,2020-07-10 18:50:10.347971,a7f8c730-c317-11ea-87c7-dca63233aa01,1,1,1,-64
393,DC:A6:32:33:AA:02,2020-07-10 18:50:12.352920,a7f8c730-c317-11ea-87c7-dca63233aa01,1,1,1,-67
394,DC:A6:32:33:AA:02,2020-07-10 18:50:13.354189,a7f8c730-c317-11ea-87c7-dca63233aa01,1,1,1,-65
395,DC:A6:32:33:AA:02,2020-07-10 18:50:14.091786,a7f8c730-c317-11ea-87c7-dca63233aa01,1,1,1,-66
396,DC:A6:32:33:AA:02,2020-07-10 18:50:16.096782,a7f8c730-c317-11ea-87c7-dca63233aa01,1,1,1,-66
397,DC:A6:32:33:AA:02,2020-07-10 18:50:17.089366,a7f8c730-c317-11ea-87c7-dca63233aa01,1,1,1,-63
398,DC:A6:32:33:AA:02,2020-07-10 18:50:19.017435,a7f8c730-c317-11ea-87c7-dca63233aa01,1,1,1,-64
399,DC:A6:32:33:AA:02,2020-07-10 18:50:20.044487,a7f8c730-c317-11ea-87c7-dca63233aa01,1,1,1,-67
400,DC:A6:32:33:AA:02,2020-07-10 18:50:21.423189,a7f8c730-c317-11ea-87c7-dca63233aa01,1,1,1,-67
401,DC:A6:32:33:AA:02,2020-07-10 18:50:22.168265,a7f8c730-c317-11ea-87c7-dca63233aa01,1,1,1,-63
402,DC:A6:32:33:AA:02,2020-07-10 18:50:23.523301,a7f8c730-c317-11ea-87c7-dca63233aa01,1,1,1,-63
403,DC:A6:32:33:AA:02,2020-07-10 18:50:24.340842,a7f8c730-c317-11ea-87c7-dca63233aa01,1,1,1,-65
404,DC:A6:32:33:AA:02,2020-07-10 18:50:25.050804,a7f8c730-c317-11ea-87c7-dca63233aa01,1,1,1,-64
405,DC:A6:32:33:AA:02,2020-07-10 18:50:26.110884,a7f8c730-c317-11ea-87c7-dca63233aa01,1,1,1,-64
406,DC:A6:32:33:AA:02,2020-07-10 18:50:27.274600,a7f8c730-c317-11ea-87c7-dca63233aa01,1,1,1,-64
407,DC:A6:32:33:AA:02,2020-07-10 18:50:28.149639,a7f8c730-c317-11ea-87c7-dca63233aa01,1,1,1,-67
408,DC:A6:32:33:AA:02,2020-07-10 18:50:30.154775,a7f8c730-c317-11ea-87c7-dca63233aa01,1,1,1,-67
409,DC:A6:32:33:AA:02,2020-07-10 18:50:31.117218,a7f8c730-c317-11ea-87c7-dca63233aa01,1,1,1,-64
410,DC:A6:32:33:AA:02,2020-07-10 18:50:33.122307,a7f8c730-c317-11ea-87c7-dca63233aa01,1,1,1,-64
411,DC:A6:32:33:AA:02,2020-07-10 18:50:34.584807,a7f8c730-c317-11ea-87c7-dca63233aa01,1,1,1,-67
412,DC:A6:32:33:AA:02,2020-07-10 18:50:35.126670,a7f8c730-c317-11ea-87c7-dca63233aa01,1,1,1,-67
413,DC:A6:32:33:AA:02,2020-07-10 18:50:36.134875,a7f8c730-c317-11ea-87c7-dca63233aa01,1,1,1,-66
414,DC:A6:32:33:AA:02,2020-07-10 18:50:37.174872,a7f8c730-c317-11ea-87c7-dca63233aa01,1,1,1,-63
415,DC:A6:32:33:AA:02,2020-07-10 18:50:38.472447,a7f8c730-c317-11ea-87c7-dca63233aa01,1,1,1,-67
416,DC:A6:32:33:AA:02,2020-07-10 18:50:39.014892,a7f8c730-c317-11ea-87c7-dca63233aa01,1,1,1,-64
417,DC:A6:32:33:AA:02,2020-07-10 18:50:41.020148,a7f8c730-c317-11ea-87c7-dca63233aa01,1,1,1,-63
418,DC:A6:32:33:AA:02,2020-07-10 18:50:42.095701,a7f8c730-c317-11ea-87c7-dca63233aa01,1,1,1,-64
419,DC:A6:32:33:AA:02,2020-07-10 18:50:43.085044,a7f8c730-c317-11ea-87c7-dca63233aa01,1,1,1,-64
420,DC:A6:32:33:AA:02,2020-07-10 18:50:44.637660,a7f8c730-c317-11ea-87c7-dca63233aa01,1,1,1,-66
421,DC:A6:32:33:AA:02,2020-07-10 18:50:46.642691,a7f8c730-c317-11ea-87c7-dca63233aa01,1,1,1,-63
422,DC:A6:32:33:AA:02,2020-07-10 18:50:47.263951,a7f8c730-c317-11ea-87c7-dca63233aa01,1,1,1,-63
423,DC:A6:32:33:AA:02,2020-07-10 18:50:48.155163,a7f8c730-c317-11ea-87c7-dca63233aa01,1,1,1,-65
424,DC:A6:32:33:AA:02,2020-07-10 18:50:49.015268,a7f8c730-c317-11ea-87c7-dca63233aa01,1,1,1,-65
425,DC:A6:32:33:AA:02,2020-07-10 18:50:51.020390,a7f8c730-c317-11ea-87c7-dca63233aa01,1,1,1,-64
426,DC:A6:32:33:AA:02,2020-07-10 18:50:53.025395,a7f8c730-c317-11ea-87c7-dca63233aa01,1,1,1,-67
427,DC:A6:32:33:AA:02,2020-07-10 18:50:55.030353,a7f8c730-c317-11ea-87c7-dca63233aa01,1,1,1,-63
428,DC:A6:32:33:AA:02,2020-07-10 18:50:56.381677,a7f8c730-c317-11ea-87c7-dca63233aa01,1,1,1,-64
429,DC:A6:32:33:AA:02,2020-07-10 18:50:57.366730,a7f8c730-c317-11ea-87c7-dca63233aa01,1,1,1,-64
430,DC:A6:32:33:AA:02,2020-07-10 18:50:59.371819,a7f8c730-c317-11ea-87c7-dca63233aa01,1,1,1,-63
431,DC:A6:32:33:AA:02,2020-07-10 18:51:00.450567,a7f8c730-c317-11ea-87c7-dca63233aa01,1,1,1,-64
432,DC:A6:32:33:AA:02,2020-07-10 18:51:01.764320,a7f8c730-c317-11ea-87c7-dca63233aa01,1,1,1,-64
433,DC:A6:32:33:AA:02,2020-07-10 18:51:02.021785,a7f8c730-c317-11ea-87c7-dca63233aa01,1,1,1,-63
434,DC:A6:32:33:AA:02,2020-07-10 18:51:04.027011,a7f8c730-c317-11ea-87c7-dca63233aa01,1,1,1,-64
435,DC:A6:32:33:AA:02,2020-07-10 18:51:06.032000,a7f8c730-c317-11ea-87c7-dca63233aa01,1,1,1,-67
436,DC:A6:32:33:AA:02,2020-07-10 18:51:07.190758,a7f8c730-c317-11ea-87c7-dca63233aa01,1,1,1,-64
437,DC:A6:32:33:AA:02,2020-07-10 18:51:09.149541,a7f8c730-c317-11ea-87c7-dca63233aa01,1,1,1,-66
438,DC:A6:32:33:AA:02,2020-07-10 18:51:10.030861,a7f8c730-c317-11ea-87c7-dca63233aa01,1,1,1,-67
439,DC:A6:32:33:AA:02,2020-07-10 18:51:12.035908,a7f8c730-c317-11ea-87c7-dca63233aa01,1,1,1,-63
440,DC:A6:32:33:AA:02,2020-07-10 18:51:14.040966,a7f8c730-c317-11ea-87c7-dca63233aa01,1,1,1,-65
441,DC:A6:32:33:AA:02,2020-07-10 18:51:15.854753,a7f8c730-c317-11ea-87c7-dca63233aa01,1,1,1,-63
442,DC:A6:32:33:AA:02,2020-07-10 18:51:16.033401,a7f8c730-c317-11ea-87c7-dca63233aa01,1,1,1,-64
443,DC:A6:32:33:AA:02,2020-07-10 18:51:18.035970,a7f8c730-c317-11ea-87c7-dca63233aa01,1,1,1,-64
444,DC:A6:32:33:AA:02,2020-07-10 18:51:19.076015,a7f8c730-c317-11ea-87c7-dca63233aa01,1,1,1,-65
445,DC:A6:32:33:AA:02,2020-07-10 18:51:20.356059,a7f8c730-c317-11ea-87c7-dca63233aa01,1,1,1,-64
446,DC:A6:32:33:AA:02,2020-07-10 18:51:21.402340,a7f8c730-c317-11ea-87c7-dca63233aa01,1,1,1,-63
447,DC:A6:32:33:AA:02,2020-07-10 18:51:22.613664,a7f8c730-c317-11ea-87c7-dca63233aa01,1,1,1,-63
448,DC:A6:32:33:AA:02,2020-07-10 18:51:23.112372,a7f8c730-c317-11ea-87c7-dca63233aa01,1,1,1,-63
449,DC:A6:32:33:AA:02,2020-07-10 18:51:24.232431,a7f8c730-c317-11ea-87c7-dca63233aa01,1,1,1,-64
450,DC:A6:32:33:AA:02,2020-07-10 18:51:26.237540,a7f8c730-c317-11ea-87c7-dca63233aa01,1,1,1,-64
451,DC:A6:32:33:AA:02,2020-07-10 18:51:27.254956,a7f8c730-c317-11ea-87c7-dca63233aa01,1,1,1,-63
452,DC:A6:32:33:AA:02,2020-07-10 18:51:28.536279,a7f8c730-c317-11ea-87c7-dca63233aa01,1,1,1,-64
453,DC:A6:32:33:AA:02,2020-07-10 18:51:29.032546,a7f8c730-c317-11ea-87c7-dca63233aa01,1,1,1,-64
454,DC:A6:32:33:AA:02,2020-07-10 18:51:31.037677,a7f8c730-c317-11ea-87c7-dca63233aa01,1,1,1,-63
455,DC:A6:32:33:AA:02,2020-07-10 18:51:32.018864,a7f8c730-c317-11ea-87c7-dca63233aa01,1,1,1,-64
456,DC:A6:32:33:AA:02,2020-07-10 18:51:34.023949,a7f8c730-c317-11ea-87c7-dca63233aa01,1,1,1,-64
457,DC:A6:32:33:AA:02,2020-07-10 18:51:35.248448,a7f8c730-c317-11ea-87c7-dca63233aa01,1,1,1,-66
458,DC:A6:32:33:AA:02,2020-07-10 18:51:36.431463,a7f8c730-c317-11ea-87c7-dca63233aa01,1,1,1,-63
459,DC:A6:32:33:AA:02,2020-07-10 18:51:37.200207,a7f8c730-c317-11ea-87c7-dca63233aa01,1,1,1,-64
460,DC:A6:32:33:AA:02,2020-07-10 18:51:39.205290,a7f8c730-c317-11ea-87c7-dca63233aa01,1,1,1,-67
461,DC:A6:32:33:AA:02,2020-07-10 18:51:41.210587,a7f8c730-c317-11ea-87c7-dca63233aa01,1,1,1,-67
462,DC:A6:32:33:AA:02,2020-07-10 18:51:43.215505,a7f8c730-c317-11ea-87c7-dca63233aa01,1,1,1,-64
463,DC:A6:32:33:AA:02,2020-07-10 18:51:45.220473,a7f8c730-c317-11ea-87c7-dca63233aa01,1,1,1,-64
464,DC:A6:32:33:AA:02,2020-07-10 18:51:46.345457,a7f8c730-c317-11ea-87c7-dca63233aa01,1,1,1,-64
465,DC:A6:32:33:AA:02,2020-07-10 18:51:47.028062,a7f8c730-c317-11ea-87c7-dca63233aa01,1,1,1,-63
466,DC:A6:32:33:AA:02,2020-07-10 18:51:48.819324,a7f8c730-c317-11ea-87c7-dca63233aa01,1,1,1,-67
467,DC:A6:32:33:AA:02,2020-07-10 18:51:49.028115,a7f8c730-c317-11ea-87c7-dca63233aa01,1,1,1,-64
468,DC:A6:32:33:AA:02,2020-07-10 18:51:50.035657,a7f8c730-c317-11ea-87c7-dca63233aa01,1,1,1,-63
469,DC:A6:32:33:AA:02,2020-07-10 18:51:51.493109,a7f8c730-c317-11ea-87c7-dca63233aa01,1,1,1,-67
470,DC:A6:32:33:AA:02,2020-07-10 18:51:52.164387,a7f8c730-c317-11ea-87c7-dca63233aa01,1,1,1,-67
471,DC:A6:32:33:AA:02,2020-07-10 18:51:53.077490,a7f8c730-c317-11ea-87c7-dca63233aa01,1,1,1,-64
472,DC:A6:32:33:AA:02,2020-07-10 18:51:54.234473,a7f8c730-c317-11ea-87c7-dca63233aa01,1,1,1,-64
473,DC:A6:32:33:AA:02,2020-07-10 18:51:56.239528,a7f8c730-c317-11ea-87c7-dca63233aa01,1,1,1,-64
474,DC:A6:32:33:AA:02,2020-07-10 18:51:58.244563,a7f8c730-c317-11ea-87c7-dca63233aa01,1,1,1,-67
475,DC:A6:32:33:AA:02,2020-07-10 18:52:00.020833,a7f8c730-c317-11ea-87c7-dca63233aa01,1,1,1,-66
476,DC:A6:32:33:AA:02,2020-07-10 18:52:01.295866,a7f8c730-c317-11ea-87c7-dca63233aa01,1,1,1,-64
477,DC:A6:32:33:AA:02,2020-07-10 18:52:02.842148,a7f8c730-c317-11ea-87c7-dca63233aa01,1,1,1,-67
478,DC:A6:32:33:AA:02,2020-07-10 18:52:03.102160,a7f8c730-c317-11ea-87c7-dca63233aa01,1,1,1,-64
479,DC:A6:32:33:AA:02,2020-07-10 18:52:05.107308,a7f8c730-c317-11ea-87c7-dca63233aa01,1,1,1,-67
480,DC:A6:32:33:AA:02,2020-07-10 18:52:07.017309,a7f8c730-c317-11ea-87c7-dca63233aa01,1,1,1,-63
481,DC:A6:32:33:AA:02,2020-07-10 18:52:08.027266,a7f8c730-c317-11ea-87c7-dca63233aa01,1,1,1,-64
482,DC:A6:32:33:AA:02,2020-07-10 18:52:10.032421,a7f8c730-c317-11ea-87c7-dca63233aa01,1,1,1,-63
483,DC:A6:32:33:AA:02,2020-07-10 18:52:12.037453,a7f8c730-c317-11ea-87c7-dca63233aa01,1,1,1,-63
484,DC:A6:32:33:AA:02,2020-07-10 18:52:14.042491,a7f8c730-c317-11ea-87c7-dca63233aa01,1,1,1,-66
485,DC:A6:32:33:AA:02,2020-07-10 18:52:15.377506,a7f8c730-c317-11ea-87c7-dca63233aa01,1,1,1,-66
486,DC:A6:32:33:AA:02,2020-07-10 18:52:16.142505,a7f8c730-c317-11ea-87c7-dca63233aa01,1,1,1,-63
487,DC:A6:32:33:AA:02,2020-07-10 18:52:18.126315,a7f8c730-c317-11ea-87c7-dca63233aa01,1,1,1,-67
488,DC:A6:32:33:AA:02,2020-07-10 18:52:19.232613,a7f8c730-c317-11ea-87c7-dca63233aa01,1,1,1,-65
489,DC:A6:32:33:AA:02,2020-07-10 18:52:20.060102,a7f8c730-c317-11ea-87c7-dca63233aa01,1,1,1,-64
490,DC:A6:32:33:AA:02,2020-07-10 18:52:21.447625,a7f8c730-c317-11ea-87c7-dca63233aa01,1,1,1,-64
491,DC:A6:32:33:AA:02,2020-07-10 18:52:23.452708,a7f8c730-c317-11ea-87c7-dca63233aa01,1,1,1,-64
492,DC:A6:32:33:AA:02,2020-07-10 18:52:24.069524,a7f8c730-c317-11ea-87c7-dca63233aa01,1,1,1,-67
493,DC:A6:32:33:AA:02,2020-07-10 18:52:26.074081,a7f8c730-c317-11ea-87c7-dca63233aa01,1,1,1,-64
494,DC:A6:32:33:AA:02,2020-07-10 18:52:28.079066,a7f8c730-c317-11ea-87c7-dca63233aa01,1,1,1,-64
495,DC:A6:32:33:AA:02,2020-07-10 18:52:30.083545,a7f8c730-c317-11ea-87c7-dca63233aa01,1,1,1,-63
496,DC:A6:32:33:AA:02,2020-07-10 18:52:31.090395,a7f8c730-c317-11ea-87c7-dca63233aa01,1,1,1,-64
497,DC:A6:32:33:AA:02,2020-07-10 18:52:33.095623,a7f8c730-c317-11ea-87c7-dca63233aa01,1,1,1,-67
498,DC:A6:32:33:AA:02,2020-07-10 18:52:34.285494,a7f8c730-c317-11ea-87c7-dca63233aa01,1,1,1,-64
499,DC:A6:32:33:AA:02,2020-07-10 18:52:35.378144,a7f8c730-c317-11ea-87c7-dca63233aa01,1,1,1,-63
500,DC:A6:32:33:AA:02,2020-07-10 18:52:36.204253,a7f8c730-c317-11ea-87c7-dca63233aa01,1,1,1,-66
501,DC:A6:32:33:AA:02,2020-07-10 18:52:37.295511,a7f8c730-c317-11ea-87c7-dca63233aa01,1,1,1,-64
502,DC:A6:32:33:AA:02,2020-07-10 18:52:39.300589,a7f8c730-c317-11ea-87c7-dca63233aa01,1,1,1,-66
503,DC:A6:32:33:AA:02,2020-07-10 18:52:40.400763,a7f8c730-c317-11ea-87c7-dca63233aa01,1,1,1,-65
504,DC:A6:32:33:AA:02,2020-07-10 18:52:41.105023,a7f8c730-c317-11ea-87c7-dca63233aa01,1,1,1,-64
505,DC:A6:32:33:AA:02,2020-07-10 18:52:43.108797,a7f8c730-c317-11ea-87c7-dca63233aa01,1,1,1,-67
506,DC:A6:32:33:AA:02,2020-07-10 18:52:44.209491,a7f8c730-c317-11ea-87c7-dca63233aa01,1,1,1,-65
507,DC:A6:32:33:AA:02,2020-07-10 18:52:45.374524,a7f8c730-c317-11ea-87c7-dca63233aa01,1,1,1,-64
508,DC:A6:32:33:AA:02,2020-07-10 18:52:46.020883,a7f8c730-c317-11ea-87c7-dca63233aa01,1,1,1,-64
509,DC:A6:32:33:AA:02,2020-07-10 18:52:48.025959,a7f8c730-c317-11ea-87c7-dca63233aa01,1,1,1,-64
510,DC:A6:32:33:AA:02,2020-07-10 18:52:49.188465,a7f8c730-c317-11ea-87c7-dca63233aa01,1,1,1,-67
511,DC:A6:32:33:AA:02,2020-07-10 18:52:50.184693,a7f8c730-c317-11ea-87c7-dca63233aa01,1,1,1,-64
512,DC:A6:32:33:AA:02,2020-07-10 18:52:51.246009,a7f8c730-c317-11ea-87c7-dca63233aa01,1,1,1,-67
